TITLE,CALENDAR
AA: P1,Exames
AA: P2,Exames
AA: P3,Exames
ADM1019 - Intr. Finan√ßas,PUC
ADM1019 - Intr. Finan√ßas,PUC üëª
AI Salon Rio de Janeiro,Pessoal
AI Salon Rio de Janeiro #4,Pessoal
ALS - P1,Exames
ALS - P2,Exames
Academia,Exerc√≠cios
Academia,Pessoal
Academia Ideal,Exerc√≠cios
Academy,Trabalho
Acordar,Pessoal
Ajuste de Matr√≠cula,PUC
Ajuste de Matr√≠cula II,PUC
Ajuste de matr√≠cula,PUC
Aldeia,Pessoal
Aldeia,Social
Aldeia S√°bado,Pessoal
Aldeia S√°bado [FERIADO],Pessoal
Alessandra,Compromisso
Alessandra,Sa√∫de
Almo√ßo,Pessoal
Almo√ßo V√≥,Social
Amaz√¥nia,Pessoal
Animate Ideas with Keynote,Trabalho
Anivers√°rio da minha irm√£,Pessoal
Anivers√°rio da minha m√£e,Pessoal
Anivers√°rio de Namoro,Pessoal
Anivers√°rio do meu pai,Pessoal
Apple,Trabalho
Apple Developer Academy,Trabalho
Apresenta√ß√£o EST√ÅGIO,Exames
Apresenta√ß√£o T2 - EDA,Exames
Arrumar,Pessoal
Atividade 2 C√°lculo,Exames
Atividade Teste,Exames
Aula,Pessoal
Aula,PUC
Aula da Liane,Pessoal
Aula de M√∫sica,Compromisso
Aula de Viol√£o,Compromisso
Auto Escola: Prova Pr√°tica,Compromisso
Autoescola,Compromisso
Av 6 √Ålgebra,Exames
Av Extra C √Ålgebra,Exames
Av Extra D √Ålgebra,Exames
Av Extra √Ålgebra,Exames
Av. Lab1 C√°lculo,Exames
Av. Lab2 C√°lculo,Exames
Avalia√ßao 5 √Ålgebra,Exames
Avalia√ß√£o 1 √Ålgebra,Exames
Avalia√ß√£o 2 √Ålgebra,Exames
Avalia√ß√£o 3 √Ålgebra,Exames
Avalia√ß√£o 4 √Ålgebra,Exames
Avalia√ß√£o imobili√°ria,Pessoal
BD: T1 G2,Exames
BD: T2,Exames
BD: T2 G2,PUC
BD: T2 G2,Exames
BD: T3,Exames
BD: Trab 1,Exames
BD: Trab 2,Exames
BIRUSAMBA DE VER√ÉO,Exames
BIRUSAMBA DE VER√ÉO,Pessoal
BLACK FRIDAY,Pessoal
Baile da Gaiola,Pessoal
Ballet Marina,Social
Barra Shopping,Pessoal
Basquete PUC,Exerc√≠cios
Bioimped√¢ncia,Sa√∫de
CD - Apresenta√ß√£o,Exames
CD: Apresenta√ß√£o G2,Exames
CRE1141 - √âtica Crist√£,PUC
Call Checkpoint AcessoRio,Pessoal
Casa do Felipe,Pessoal
Casamento,Social
Centro,Compromisso
Churras Caio,Social
Churras Marcos,Social
Churras Z√©,Social
Churrascl√©rigos,Social
Churrasco Academy,Trabalho
Cirurgi√£o,Sa√∫de
Conversa Bruno,Trabalho
Conversa PUC,Compromisso
Conversa Pedro,Compromisso
Conversa TCC Felipe Gameleira,PUC
Cortar cabelo,Compromisso
Corte Masculino,Pessoal
DE PARA,PUC
DEVOLU√á√ÉO ZARA,Pessoal
De-Para,Exames
De-Para,PUC
De/Para Alternativo,Exames
De/Para Regimental,PUC
Deep Work,Rotina
Dentista,Sa√∫de
Dermatologista,Sa√∫de
Detran,Compromisso
Devs no Pilotis,PUC
Diablo IV,Games
Dr Bruno,Sa√∫de
Dra. V√¢nia,Sa√∫de
ECOA,Trabalho
ED: Lista 4,Exames
ED: P1,Exames
ED: P2,Exames
Endoscopia,Sa√∫de
Entrega Trabalho INF1018,Exames
Entrevista Est√°gio Desenvolvedor: Felipe,Pessoal
Entrevista Est√°gio: Felipe,Pessoal
Estudar C√°lculo,Pessoal
Estudar c√°lculo e ficha 2,Pessoal
Estudo,Pessoal
Exame de Imagem,Sa√∫de
Exame de Sangue,Sa√∫de
Exames de Imagem,Sa√∫de
FOCO,Pessoal
FaceTime Alessandra,Pessoal
Feriado,Pessoal
Ferias PUC,PUC
Festa Duda Castro,Social
Festa Niver,Social
Festa Re,Social
Fone,Pessoal
Formatura CSA,Pessoal
Formatura Lu,Social
Formatura Renata,Social
Futev√¥lei,Exerc√≠cios
GMKT Jam - Entrega,Pessoal
GMTK GameJam,Games
Gradua√ß√£o Muay Thai,Compromisso
Grava√ß√£o AcessoRio,Pessoal
Grava√ß√£o Comunica√ß√£o InterCriar,Pessoal
HARRY STYLES - LOVE ON TOUR - RIO DE JANEIRO,Social
Help!,Pessoal
Hogwarts Legacy,Games
I9 Cultura,Trabalho
IA &,Pessoal
IHC: Apresenta√ß√£o,Exames
IHC: Trab II,Exames
INF1010 - EDA,PUC
INF1018 - MONITORIA,PUC
INF1018 - SOFTWARE B√ÅSICO,PUC
INF1022 - ALS,PUC
INF1022 - Analisadores L√©x. e Sint.,PUC
INF1027 - Teste e Medi√ß√£o de Software,PUC
INF1028 - Projeto e Constru√ß√£o de Sistemas,PUC
INF1032 - Ci√™ncia de Dados,PUC
INF1036 - Prob Comp,PUC
INF1301 - PROGRAMA√á√ÉO MODULAR,PUC
INF1301 - Relat√≥rio Plano de A√ß√£o,Exames
INF1307 - Games,PUC
INF1314 - Startup IA,PUC
INF1316 - SO,PUC
INF1338 - LLM,PUC
INF1350 - Prog Sis Reat,PUC
INF1383 - Bancos de Dados,PUC
INF1403 - IHC,PUC
INF1410 - Gerenc Proj Inf,PUC üëª
INF1410 - Gerenc Proj Inf,PUC
INF1608 - An√°lise Num√©rica,PUC üëª
INF1608 - An√°lise Num√©rica,PUC
INF1629 - P. Eng. de Software,PUC
INF1629 - P. Eng. de Software,PUC üëª
INF1631 - Estruturas Discretas,PUC
INF1636 - Programa√ß√£o Orientada √† Objetos,PUC
INF1640 - Redes de Computadores,PUC
INF1721 - AA,PUC
INF1771 - IA,PUC
INF1920 - Aula Expositiva,PUC
INF2471 - Prob Comp,PUC
Ingresso Harry,Social
Itaipava,Pessoal
Itaipava,Social
LAB,Trabalho
LIVRE,Sa√∫de
Lembrar Marie,Pessoal
M3,Trabalho
MAT1162 - C√ÅLCULO A V√ÅRIAS VARI√ÅVEIS I,PUC
MAT1260 - √ÅLGEBRA LINEAR 1,PUC
MAT4162 - C√°lculo II,PUC
Mago da M√∫sica link,Compromisso
Matr√≠cula PUC,PUC
Mentoria Inversu (Felipe Gameleira),Pessoal
Mentoria Inversu - Felipe Gameleira,Pessoal
Meu Anivers√°rio,Pessoal
Minecraft: Legends,Games
Morgan Jay,Pessoal
Muay Thai,Pessoal
Muay Thai,Exerc√≠cios
Niver,Pessoal
Niver Amanda,Social
Niver Aninha,Social
Niver Be,Social
Niver Caio,Social
Niver Carol Benchimol,Social
Niver Caroli,Social
Niver Felipe,Social
Niver Gabi,Social
Niver Gi Fortes,Social
Niver Giovanna Lopes,Social
Niver Isabella,Social
Niver Julia,Social
Niver Lara,Social
Niver Laura,Social
Niver Lu,Social
Niver Luana Maia,Social
Niver Lucca,Social
Niver Millena,Social
Niver M√£e,Social
Niver Rapha,Social
Nover Sofia K,Social
Nutricionista,Sa√∫de
Oftalmologista,Sa√∫de
Oportunidade Guelt | Felipe Khouri Gameleira,Pessoal
Ortopedista,Sa√∫de
Os Barbixas,Social
P1 C√°lculo,Exames
P1 IAC,Exames
P1 INF1018,Exames
P1 ProgMod,Exames
P1 √Ålgebra,Exames
P2 - EDA,Exames
P2 C√°lculo,Exames
P2 IAC,Exames
P2 INF1018,Exames
P2 ProgMod,Exames
P2 √Ålgebra,Exames
P3,Compromisso
P3 C√°lculo,Exames
P3 √Ålgebra,Exames
PCS: Apresenta√ß√£o,Exames
PCS: Apresenta√ß√£o G2,Exames
PF - EDA,Exames
POO: Apresenta√ß√£o,Exames
POO: P1,Exames
POO: Trab I,Exames
POO: Trab II,Exames
POO: Trab III,Exames
POO: Trab IV,Exames
PSR: MP1,Exames
Parab√©ns!,Pessoal
Petr√≥polis,Viagens
Petr√≥polis Juliana,Viagens
Petr√≥polis Torres,Viagens
Pilates,Sa√∫de
Prime Day,Social
Primo rico,Pessoal
ProbComp - P2,Exames
ProbComp - T1,Exames
ProbComp - T2,Exames
Programar Cena,Trabalho
Projeto Final PSR,Exames
Prova Auto Escola,Exames
Ps Plus,Pessoal
Psic√≥loga,Compromisso
Psic√≥loga,Sa√∫de
Psic√≥logo,Sa√∫de
Psiquiatra,Sa√∫de
Pulo Big Jump,Social
QuadCast,Pessoal
Quiropraxia,Sa√∫de
RM,Compromisso
RPG Goulart,Social
Rafael Portugal,Social
Redes: P1,Exames
Redes: P2,Exames
Redes: Trab 1,Exames
Resenha Felipe,Social
Reservation at Yusha,Pessoal
Reuni√£o Nick + Tio,Trabalho
Reuni√£o Play Time,Trabalho
Reuni√£o Play Time - Goulart,Trabalho
Reuni√£o Prog ATLAS,Trabalho
Reuni√£o TCC,PUC
Reuni√£o com OutSystems,Pessoal
Reuni√£o de cronograma do AcessoRio,Pessoal
Rock In Rio,Social
SEASON NOVA RL,Pessoal
SO: Lab 1,PUC
SO: Lab 2,Exames
SO: Lab 5,Exames
SO: Lab 6,Exames
SO: P1,Exames
SO: P1,PUC
SO: P2,Exames
SO: Trab 1,Exames
SO: Trab 2,Exames
Santa Sexta,Social
Semana 10,Exames
Semana 11,Exames
Semana 6,Exames
Semana 7,Exames
Semana 8,Exames
Semana 9,Exames
Simulador de Matr√≠cula,PUC
Spinning,Exerc√≠cios
T1 Maple √Ålgebra,Exames
T1 √Ålgebra,PUC
T2 C√°lculo,Exames
T2 √Ålgebra,Exames
T3 √Ålgebra,Exames
T4 √Ålgebra,Exames
TMS: Atividade 3,Exames
TMS: P2,Exames
Teste 1 ProbComp,Exames
Teste 2 ProbComp,Exames
Teste C√°lculo II,PUC
Teste e Medi√ß√£o: Atividade 1,Exames
Teste e Med√ß√£o: P1,Exames
Tete 2 Maple √Ålgebra,Exames
The Avengers,Social
Thor,Social
Trab G1 ProbComp,Exames
Trab INF1018,Exames
Trabalho 2 AA,Exames
Trabalho 2 IAC,Exames
Trabalho 3 AA,Exames
Trabalho 3 IAC,Exames
Trabalho 4 IAC,Exames
Trabalho ALS,Exames
Trabalho I9,Trabalho
Viagem Secret√°rio,Social
Visita Rede,Compromisso
Viviane Nutri,Sa√∫de
Volta √†s Aulas,PUC
Volta √†s aulas,PUC
WWDC,Trabalho
WWDC Teaching - First Steps,Pessoal
WWDC Teaching - Kick Off,Pessoal
WWDC iLearning,Pessoal
WWDC-SS Crash Challenge,Pessoal
ZION,Compromisso
Zion,Compromisso
[Nubank] Vencimento da Fatura de Mar√ßo,Pessoal
‚è± 0:03,RescueTime
‚è± 0:32,RescueTime
‚è± 0:57,RescueTime
‚è± 12:34,RescueTime
‚è± 1:14,RescueTime
‚è± 1:44,RescueTime
‚è± 1:48,RescueTime
‚è± 1:51,RescueTime
‚è± 2:01,RescueTime
‚è± 2:13,RescueTime
‚è± 2:31,RescueTime
‚è± 2:41,RescueTime
‚è± 3:08,RescueTime
‚è± 3:09,RescueTime
‚è± 3:11,RescueTime
‚è± 3:24,RescueTime
‚è± 3:27,RescueTime
‚è± 3:33,RescueTime
‚è± 3:38,RescueTime
‚è± 3:56,RescueTime
‚è± 4:18,RescueTime
‚è± 4:27,RescueTime
‚è± 4:30,RescueTime
‚è± 4:50,RescueTime
‚è± 4:51,RescueTime
‚è± 5:03,RescueTime
‚è± 5:47,RescueTime
‚è± 5:49,RescueTime
‚è± 6:01,RescueTime
‚è± 6:15,RescueTime
‚è± 6:23,RescueTime
‚è± 6:31,RescueTime
‚è± 6:35,RescueTime
‚è± 6:55,RescueTime
‚è± 7:02 üóì 0:14,RescueTime
‚è± 7:05 üóì 0:36,RescueTime
‚è± 7:12,RescueTime
‚è± 7:44,RescueTime
‚è± 7:45,RescueTime
‚è± 7:51 üóì 0:15,RescueTime
‚è± 8:02,RescueTime
‚è± 8:22,RescueTime
‚è± 8:31,RescueTime
‚è± 9:05 üóì 0:18,RescueTime
üåô,Pessoal
üçå,Alimenta√ß√£o
üç≥,Alimenta√ß√£o
üçΩÔ∏è,Alimenta√ß√£o
üé§ Aula de Canto,Compromisso
üé∏ Aula de Guitarra,Compromisso
üòé Decompress,Pessoal
ü•™,Alimenta√ß√£o
üßã,Alimenta√ß√£o
